Name,UUU,UUC,UUA,UUG,CUU,CUC,CUA,CUG,AUU,AUC,AUA,AUG,GUU,GUC,GUA,GUG,GCU,GCC,GCA,GCG,CCU,CCC,CCA,CCG,UGG,GGU,GGC,GGA,GGG,UCU,UCC,UCA,UCG,AGU,AGC,ACU,ACC,ACA,ACG,UAU,UAC,CAA,CAG,AAU,AAC,UGU,UGC,CAU,CAC,AAA,AAG,CGU,CGC,CGA,CGG,AGA,AGG,GAU,GAC,GAA,GAG,UAA,UAG,UGA
1,0.01471,0.03,0.00471,0.00529,0.02294,0.03353,0.00588,0.01941,0.01765,0.01588,0.03471,0.01412,0.02706,0.02353,0.01118,0.01529,0.00471,0.02882,0.01471,0.00765,0.00353,0.01471,0.00882,0.01059,0.01412,0.00941,0.02412,0.02529,0.01059,0.00294,0.00882,0.00588,0.00471,0.00588,0.01294,0.00529,0.01235,0.00588,0.01471,0.01,0.04176,0.00235,0.01059,0.01,0.03118,0.00176,0.00235,0.00294,0.01294,0.03529,0.06059,0.00529,0.01059,0.00118,0.00588,0.02353,0.03176,0.02,0.02882,0.04118,0.05706,0,0,0.00059
2,0.02508,0.00752,0.04313,0.00903,0.01956,0.00251,0.01454,0.00201,0.0336,0.00502,0.04112,0.02909,0.02608,0.00502,0.03159,0.00752,0.02909,0.00702,0.02909,0.00301,0.02006,0.00251,0.01254,0.00201,0.01304,0.03009,0.00251,0.02959,0.00702,0.01755,0.00351,0.01354,0.00301,0.01505,0.00351,0.02056,0.00351,0.01404,0.00401,0.04213,0.00702,0.01404,0.00401,0.0321,0.01053,0.01254,0.00401,0.01454,0.001,0.06369,0.02257,0.001,0,0.001,0,0.03561,0.01304,0.04915,0.00853,0.05015,0.02156,0.00201,0,0.0015
3,0.0048,0.02256,0.00288,0.00672,0.01152,0.02496,0.00144,0.0168,0.0168,0.03505,0.00432,0.01632,0.01584,0.04273,0.01008,0.01776,0.01968,0.02208,0.03169,0.0192,0.00672,0.00432,0.01392,0.00768,0.0048,0.03745,0.03217,0.02016,0.01392,0.00576,0.01248,0.0072,0.01776,0.02208,0.0168,0.01824,0.02784,0.0096,0.02688,0.00144,0.01392,0.0096,0.01968,0.01632,0.0312,0.00192,0.00048,0.00288,0.00576,0.0024,0.0024,0.00384,0.0096,0.00336,0.0048,0.00144,0.00048,0.04321,0.07681,0.05617,0.03985,0.0024,0.00096,0
4,0.01959,0.02044,0.02129,0.01448,0.01576,0.02002,0.00937,0.02129,0.02342,0.01661,0.03365,0.02215,0.01831,0.01448,0.02002,0.04003,0.01405,0.03876,0.02342,0.03152,0.00894,0.01618,0.01022,0.01363,0.00724,0.00596,0.04216,0.01278,0.01746,0.01235,0.00809,0.00767,0.00809,0.0017,0.01235,0.01491,0.00724,0.00639,0.0132,0.01831,0.01661,0.00937,0.0115,0.00894,0.01661,0.00383,0.00468,0.00256,0.01107,0.02555,0.03407,0.00341,0.00894,0.00128,0.00298,0.01746,0.02215,0.02044,0.02896,0.01533,0.0477,0.00043,0.00085,0.0017
5,0.01213,0.02054,0.01262,0.00322,0.01806,0.01732,0.00965,0.00841,0.01757,0.02895,0.0438,0.03019,0.02301,0.01905,0.01262,0.01163,0.01114,0.01559,0.02945,0.00396,0.01163,0.01287,0.01831,0.00643,0.01039,0.02549,0.01336,0.02994,0.01039,0.00767,0.01114,0.01856,0.00049,0.00817,0.00742,0.00742,0.01361,0.02648,0.00297,0.01732,0.01905,0.00396,0.01732,0.0198,0.02796,0.01361,0.01361,0.00916,0.01114,0.04331,0.02871,0.00297,0.00247,0.00198,0.00074,0.01633,0.01856,0.02846,0.02871,0.05098,0.0292,0.00124,0.00025,0.00148
6,0.00858,0.02763,0.00329,0.00228,0.02563,0.0371,0.00418,0.02301,0.01003,0.01944,0.04741,0.03097,0.02657,0.02022,0.00969,0.02574,0.00953,0.02919,0.03225,0.00897,0.0107,0.01655,0.0117,0.00668,0.01114,0.02574,0.0171,0.01838,0.021,0.0039,0.01081,0.01771,0.00301,0.00657,0.01148,0.00368,0.01978,0.02044,0.00479,0.00824,0.0254,0.00072,0.0156,0.00813,0.01788,0.00501,0.01187,0.00657,0.01237,0.01493,0.02819,0.0039,0.00362,0.00039,0.0039,0.00969,0.04033,0.02964,0.02769,0.02641,0.05281,0.00078,0.00095,0.00212
7,0.01748,0.01049,0.05361,0.01282,0.01107,0.00117,0.0134,0.00175,0.02681,0.00291,0.05361,0.02797,0.01865,0.00641,0.04545,0.00291,0.04138,0.00699,0.04196,0.0035,0.01049,0.00117,0.02448,0.00233,0.00816,0.01923,0.00874,0.04779,0.00291,0.01107,0.00175,0.01981,0.0035,0.01865,0.00816,0.01981,0.00117,0.01865,0.00175,0.02098,0.00758,0.02389,0.00466,0.02797,0.00932,0.00058,0.00291,0.00932,0.00291,0.05361,0.02739,0,0.00058,0,0,0.03322,0.00524,0.04429,0.0134,0.05769,0.02214,0.00233,0,0
8,0.01929,0.01689,0.02046,0.01806,0.01471,0.02003,0.01306,0.01911,0.0225,0.01126,0.02889,0.0177,0.01862,0.01782,0.0205,0.0372,0.01559,0.03899,0.01475,0.02921,0.00968,0.01779,0.00827,0.0139,0.01469,0.00494,0.03664,0.01268,0.02218,0.0102,0.00825,0.00693,0.0076,0.00397,0.01217,0.01346,0.00756,0.01058,0.01228,0.01723,0.02567,0.01009,0.01067,0.00982,0.01612,0.00399,0.00469,0.0037,0.01135,0.02868,0.0279,0.00316,0.00901,0.00182,0.00564,0.01862,0.02696,0.01509,0.0277,0.01982,0.04986,0.00173,0.00118,0.00104
9,0.02588,0.01822,0.01941,0.01396,0.02415,0.01703,0.01775,0.00825,0.03247,0.0135,0.04044,0.02177,0.03534,0.01059,0.01909,0.01383,0.0212,0.01373,0.02472,0.00587,0.01065,0.00921,0.01993,0.00303,0.01242,0.01245,0.00767,0.037,0.01407,0.00903,0.00625,0.01018,0.0025,0.01023,0.01079,0.01484,0.00759,0.01588,0.0057,0.02152,0.01857,0.0096,0.00796,0.01779,0.01696,0.00369,0.00224,0.00703,0.0081,0.03784,0.04271,0.00113,0.00111,0.00119,0.00073,0.0278,0.02118,0.02773,0.0161,0.04832,0.04054,0.00117,0.00072,0.00163
10,0.01035,0.02602,0.0042,0.00245,0.02464,0.03507,0.00462,0.02343,0.01189,0.02215,0.04276,0.02929,0.0235,0.0206,0.01021,0.02289,0.01088,0.02699,0.02844,0.00674,0.00913,0.01614,0.0112,0.00641,0.00838,0.02471,0.0166,0.02052,0.01762,0.00543,0.01339,0.0207,0.00279,0.00765,0.01125,0.00476,0.01918,0.02076,0.00475,0.00974,0.02239,0.00133,0.01761,0.01084,0.02216,0.00453,0.0075,0.00796,0.01073,0.01727,0.02821,0.0047,0.00372,0.00111,0.00475,0.01233,0.04107,0.03052,0.02838,0.03187,0.04926,0.00105,0.00081,0.00168
11,0.02473,0.01956,0.0093,0.00798,0.03017,0.0179,0.00448,0.02441,0.02686,0.0254,0.02114,0.02334,0.02087,0.01593,0.0177,0.01395,0.01803,0.018,0.02545,0.00709,0.01419,0.00984,0.00605,0.00972,0.01053,0.0123,0.01497,0.02696,0.0179,0.01212,0.01455,0.01234,0.00714,0.01027,0.01238,0.01359,0.017,0.01573,0.00784,0.02034,0.01681,0.00655,0.01884,0.02278,0.02188,0.00581,0.00672,0.009,0.00767,0.04255,0.02277,0.00398,0.00485,0.00305,0.00562,0.01277,0.01444,0.02894,0.02425,0.0547,0.02478,0.00156,0.00017,0.00148
12,0.00235,0.02629,0.00527,0.01135,0.00562,0.03504,0.00908,0.03532,0.00469,0.03393,0.00949,0.01658,0.00994,0.03773,0.01438,0.04318,0.00919,0.03425,0.00636,0.03334,0.00554,0.01807,0.00489,0.02594,0.01235,0.02194,0.01932,0.01767,0.02133,0.00285,0.0137,0.00355,0.01424,0.00371,0.008,0.00432,0.01844,0.0036,0.01944,0.00312,0.02499,0.00324,0.0108,0.00253,0.01657,0.00472,0.00842,0.00388,0.01537,0.00933,0.03077,0.0112,0.01617,0.01059,0.0224,0.00592,0.0169,0.01613,0.04166,0.02581,0.07384,0.00077,0.00064,0.00196
13,0.025,0.01782,0.00915,0.00609,0.03455,0.01719,0.00378,0.0232,0.0299,0.02228,0.02414,0.0239,0.02241,0.01473,0.01879,0.01294,0.01988,0.0156,0.02868,0.00633,0.0166,0.00855,0.00647,0.00832,0.00934,0.0126,0.01461,0.02789,0.01698,0.01328,0.01311,0.01397,0.00535,0.00914,0.01246,0.01394,0.0139,0.01716,0.00597,0.02024,0.01494,0.00509,0.01963,0.0234,0.01995,0.00555,0.00688,0.00901,0.00771,0.04614,0.02184,0.00423,0.00533,0.0021,0.00405,0.01411,0.01673,0.02835,0.02402,0.05703,0.02437,0.00175,0.00012,0.00141
14,0.01837,0.02693,0.02336,0.01712,0.02015,0.0148,0.02069,0.0148,0.03032,0.02212,0.0371,0.02087,0.02033,0.01427,0.02015,0.01587,0.01855,0.00838,0.02319,0.00981,0.00892,0.00517,0.01462,0.00517,0.01052,0.01159,0.00856,0.01676,0.01338,0.00981,0.00678,0.01641,0.00499,0.01213,0.01052,0.01266,0.00678,0.01873,0.01159,0.02586,0.0189,0.02212,0.01106,0.02782,0.01998,0.00268,0.00143,0.00713,0.00731,0.04263,0.03781,0.00392,0.0025,0.00321,0.00232,0.02069,0.01819,0.02604,0.01944,0.03496,0.03674,0.00196,0.00089,0.00214
15,0.01596,0.01817,0.04101,0.00467,0.01473,0.00417,0.00344,0.00172,0.04494,0.01817,0.01817,0.02873,0.03487,0.00393,0.03389,0.00467,0.03094,0.00098,0.03708,0.00025,0.01842,0.00074,0.02063,0.00049,0.01105,0.04052,0.00368,0.02873,0.00196,0.01621,0.00761,0.00835,0.00025,0.01031,0.00295,0.03266,0.00737,0.01105,0.00049,0.01842,0.0167,0.01694,0.00147,0.02898,0.02579,0.02996,0.00246,0.01081,0.01154,0.06434,0.00368,0.00442,0.00049,0.00025,0,0.02431,0.00688,0.04666,0.02431,0.06901,0.00589,0.00123,0.00098,0.00049
16,0.01835,0.01193,0.04565,0.01238,0.01253,0.00791,0.01,0.00388,0.03208,0.01507,0.03804,0.02462,0.03401,0.00552,0.03551,0.00477,0.02611,0.00671,0.04132,0.00209,0.01387,0.00179,0.01656,0.00179,0.00567,0.02536,0.00567,0.02864,0.00791,0.0094,0.00761,0.02118,0.00104,0.01179,0.0088,0.01596,0.01149,0.03103,0.00239,0.01552,0.0179,0.01223,0.01014,0.02208,0.02641,0.00522,0.00134,0.00477,0.00507,0.06549,0.01701,9E-04,3E-04,0.00045,3E-04,0.02163,0.0085,0.03819,0.02118,0.07325,0.01223,0.00328,0.00015,0
17,0.02947,0.01107,0.05721,0.01451,0.0125,0.00304,0.00594,0.00107,0.03903,0.01206,0.04082,0.02724,0.02867,0.00246,0.0272,0.00549,0.01768,0.00397,0.02813,0.00402,0.01532,0.00322,0.01237,0.00246,0.00639,0.02889,0.00781,0.01978,0.00607,0.01433,0.00656,0.02081,0.00353,0.01384,0.00603,0.01786,0.00737,0.0192,0.00411,0.02929,0.0155,0.0159,0.00344,0.05019,0.01822,0.01032,0.00339,0.00723,0.00509,0.07824,0.01353,0.00263,0.00054,0.00174,0.00049,0.01563,0.00549,0.04305,0.01532,0.06502,0.00938,0.0025,9E-05,0.00022
18,0.00764,0.01375,0.04889,0.01681,0.01146,0.00993,0.00306,0,0.03361,0.01146,0.02292,0.0275,0.04278,0.00688,0.03209,0.00458,0.03591,0.00229,0.08021,0.00306,0.0107,0.00229,0.02674,0.00229,0.00306,0.02597,0.00229,0.03209,0.00688,0.00382,0.00458,0.01757,0.00076,0.01451,0.00306,0.00306,0.00535,0.03514,0.00076,0.00993,0.01757,0.01222,0.00382,0.02292,0.01833,0.00153,0.00229,0.00382,0.00458,0.08403,0.02292,0.00153,0.00153,0.00076,0.00076,0.02215,0.00306,0.03514,0.02521,0.06646,0.01986,0.00306,0,0.00076
19,0.0207,0.01976,0.00747,0.00829,0.03288,0.01747,0.004,0.01941,0.03288,0.02176,0.01594,0.03041,0.02464,0.01535,0.0207,0.01329,0.02376,0.01623,0.03658,0.00606,0.01753,0.00623,0.01182,0.00676,0.01141,0.0207,0.01806,0.02823,0.01194,0.01241,0.01229,0.0137,0.00529,0.00753,0.0087,0.01512,0.01723,0.01417,0.00594,0.01776,0.01423,0.00682,0.01982,0.01888,0.01712,0.00635,0.00694,0.00788,0.00859,0.0387,0.025,0.00735,0.00635,0.00371,0.00365,0.01259,0.01317,0.02782,0.025,0.05305,0.02317,0.00165,0.00047,0.00124
20,0.02024,0.02266,0.00619,0.00518,0.0312,0.01647,0.00289,0.02266,0.03207,0.02461,0.02024,0.02615,0.02562,0.01842,0.02461,0.01566,0.02165,0.01701,0.04007,0.0078,0.0164,0.00908,0.00679,0.00988,0.01351,0.01587,0.01869,0.03725,0.01681,0.0115,0.01284,0.0156,0.00464,0.01035,0.01432,0.01573,0.01728,0.02266,0.00719,0.02125,0.01916,0.00276,0.01809,0.0273,0.0273,0.00498,0.00504,0.00558,0.00733,0.03254,0.01593,0.00356,0.00282,0.00101,0.00168,0.01062,0.01257,0.02434,0.02219,0.03738,0.01627,0.00108,0,0.00148
21,0.01562,0.0202,0.00489,0.0041,0.03078,0.01799,0.00379,0.02415,0.0303,0.0303,0.01436,0.0303,0.01705,0.0161,0.02036,0.01199,0.02273,0.01847,0.04104,0.00442,0.01705,0.00852,0.01294,0.009,0.00852,0.01973,0.0172,0.02778,0.01326,0.00947,0.01436,0.01389,0.00316,0.00631,0.00931,0.01326,0.01783,0.01705,0.00647,0.01263,0.01452,0.00253,0.02162,0.01373,0.02336,0.00726,0.00758,0.00647,0.01184,0.0292,0.03961,0.00426,0.00505,0.00126,0.00395,0.01673,0.01973,0.02699,0.02983,0.04877,0.02573,0.00205,0.00016,0.0011
22,0.01011,0.01935,0.00231,0.00231,0.02397,0.03321,0.00144,0.0205,0.02397,0.03465,0.0153,0.03898,0.02397,0.01992,0.01704,0.01184,0.02339,0.02657,0.05573,0.00404,0.00809,0.00895,0.00664,0.0052,0.00578,0.02455,0.02195,0.02512,0.01155,0.00866,0.01761,0.00837,0.00347,0.00462,0.00924,0.00982,0.02397,0.0153,0.00289,0.01299,0.02252,0.00173,0.01935,0.01126,0.02628,0.00635,0.01068,0.00289,0.01126,0.0335,0.03638,0.00289,0.00404,0.00087,0.00144,0.01126,0.00866,0.01819,0.04851,0.05573,0.01992,0.00202,0,0.00087
23,0.0226,0.01977,0.0113,0.00282,0.03296,0.01507,0.00094,0.00942,0.03578,0.03296,0.01412,0.0339,0.02354,0.01224,0.0339,0.01224,0.02354,0.00282,0.05932,0.00377,0.0226,0.00094,0.01507,0.00377,0.00753,0.03013,0.0339,0.01977,0.00565,0.00942,0.00847,0.01977,0.00188,0.00659,0.00847,0.01036,0.00565,0.02448,0.00377,0.01224,0.01883,0.00659,0.01318,0.01883,0.01695,0.01318,0.00753,0.00942,0.01412,0.02919,0.03672,0.00659,0.00565,0.00094,0.00094,0.01412,0.00753,0.03672,0.02919,0.0339,0.0226,0.00188,0.00094,0.00094
24,0.0064,0.01408,0.00384,0.00768,0.02687,0.02431,0.0032,0.02943,0.03455,0.02623,0.01983,0.02495,0.03839,0.01663,0.00576,0.02047,0.01536,0.03071,0.03135,0.01536,0.0064,0.01088,0.0032,0.01408,0.0032,0.01536,0.02239,0.02175,0.01088,0.0032,0.00576,0.00512,0.00576,0.00192,0.01983,0.01088,0.01536,0.01152,0.00896,0.00576,0.01791,0.0032,0.02239,0.00448,0.01408,0.00064,0.00768,0.00512,0.00896,0.02303,0.06206,0.00064,0.00064,0.00128,0.00064,0.01855,0.03583,0.01663,0.04415,0.03135,0.08125,0.00128,0,0.00064
25,0.00273,0.03014,0.00109,0.00218,0.00395,0.03777,0.00164,0.03027,0.00559,0.03109,0.00327,0.02046,0.00559,0.04909,0.00191,0.01868,0.00736,0.0435,0.00982,0.03123,0.00191,0.01827,0.00655,0.02973,0.01582,0.01009,0.04841,0.00682,0.02209,0.00218,0.01336,0.00177,0.01732,0.00395,0.01391,0.00423,0.02864,0.00586,0.02646,0.00259,0.02946,0.00355,0.02646,0.00232,0.02523,0.00586,0.00559,0.00286,0.02632,0.00723,0.01568,0.00586,0.02018,0.0075,0.01868,0.0015,0.00109,0.01268,0.07773,0.02714,0.05659,0.00055,0.00014,0.00245
26,0.01819,0.02756,0.00559,0.01081,0.02356,0.02441,0.00484,0.02557,0.02829,0.02084,0.02284,0.02524,0.03869,0.01509,0.01052,0.0223,0.02073,0.01984,0.02091,0.01676,0.00763,0.01146,0.00834,0.01105,0.01036,0.01334,0.01765,0.02512,0.01612,0.00635,0.00926,0.00912,0.00697,0.00456,0.01864,0.00802,0.01183,0.00986,0.01178,0.00838,0.02795,0.00285,0.01495,0.00996,0.02204,0.00252,0.00919,0.00423,0.01083,0.0241,0.04433,0.00085,0.00244,0.0013,0.00111,0.02214,0.0297,0.022,0.02675,0.02811,0.06064,0.00123,0.00055,0.00184
27,0.00202,0.03333,0.00018,0.00262,0.00345,0.06143,0.00078,0.0206,0.00598,0.03641,0.00152,0.02234,0.0029,0.06469,0.0011,0.01954,0.0034,0.05103,0.00395,0.04722,0.00051,0.01775,0.00087,0.02074,0.00943,0.00805,0.05894,0.0052,0.01375,0.00143,0.01411,0.00051,0.0223,0.00143,0.00984,0.00124,0.02745,0.00147,0.02966,0.00129,0.02313,0.00382,0.02386,0.00087,0.02262,0.00198,0.00308,0.00069,0.01821,0.00621,0.02161,0.00244,0.04037,0.00552,0.01526,0.0012,0.00069,0.00262,0.08671,0.02446,0.06184,0.00069,0.00041,0.00129
28,0.00589,0.02062,0.00236,0.00177,0.01002,0.03123,0.00589,0.02004,0.0053,0.02062,0.00236,0.02004,0.0165,0.02887,0.00766,0.01473,0.02062,0.02416,0.01002,0.0383,0.00412,0.01768,0.01061,0.02829,0.01591,0.02239,0.02711,0.02004,0.01709,0.00648,0.00943,0.00589,0.02475,0.01296,0.01296,0.00825,0.01709,0.00766,0.02004,0.00412,0.01768,0.00825,0.02298,0.00766,0.01886,0.00825,0.00589,0.00471,0.01532,0.00589,0.01709,0.01296,0.02593,0.01355,0.033,0.00648,0.00354,0.03595,0.04891,0.0218,0.0607,0,0.00177,0.00295
29,0.00376,0.03656,0.00106,0.0045,0.00736,0.04679,0.00164,0.01652,0.00883,0.0301,0.00204,0.01824,0.01276,0.05775,0.00376,0.01677,0.00793,0.03754,0.01415,0.03664,0.00237,0.01399,0.00425,0.02985,0.0135,0.02078,0.03852,0.01333,0.01562,0.00344,0.01292,0.00172,0.02519,0.00523,0.01341,0.00458,0.02552,0.00532,0.02871,0.00286,0.02495,0.00728,0.02069,0.00409,0.02576,0.00442,0.00319,0.00262,0.01718,0.00777,0.01775,0.00769,0.02446,0.01063,0.01301,0.00155,0.00204,0.01276,0.06838,0.03386,0.04155,0.00065,0.00025,0.00164
30,0.02696,0.0157,0.01774,0.01424,0.02397,0.01615,0.01532,0.00839,0.03198,0.01342,0.03853,0.02092,0.03332,0.00986,0.0171,0.01278,0.02295,0.01253,0.02683,0.00585,0.01246,0.00668,0.02136,0.00439,0.01297,0.01367,0.00763,0.03592,0.01227,0.00884,0.0061,0.00916,0.0021,0.01075,0.01138,0.01297,0.0068,0.01507,0.00636,0.01996,0.01869,0.01005,0.0096,0.01615,0.01672,0.00292,0.00172,0.00718,0.00896,0.04139,0.04629,0.00146,0.00076,0.00121,0.00076,0.0295,0.02143,0.02855,0.01545,0.05392,0.04266,0.00095,0.00045,0.00184
31,0.02771,0.02039,0.01176,0.00758,0.0183,0.01516,0.01542,0.00941,0.02431,0.0149,0.0319,0.01333,0.04261,0.01046,0.01908,0.01438,0.01647,0.01203,0.02797,0.00497,0.01412,0.00758,0.02196,0.00471,0.03242,0.02013,0.01046,0.03373,0.01124,0.00654,0.00497,0.01255,0.00314,0.00993,0.01542,0.01935,0.00993,0.02092,0.00523,0.0251,0.0332,0.00784,0.00967,0.02039,0.02902,0.00366,0.00078,0.00967,0.00837,0.02379,0.03556,0.00157,0.00235,0.00078,0.00157,0.01987,0.01804,0.0298,0.02484,0.03163,0.03765,0.00052,0.00026,0.00157
32,0.02954,0.01859,0.01367,0.01906,0.02873,0.019,0.01048,0.00944,0.02711,0.01523,0.03215,0.02508,0.03487,0.0113,0.01668,0.01535,0.02242,0.01257,0.02809,0.00741,0.01083,0.00823,0.01946,0.01072,0.01477,0.01726,0.01106,0.02891,0.01338,0.00776,0.00516,0.00753,0.00272,0.00933,0.01269,0.01361,0.00996,0.01541,0.00713,0.02097,0.02045,0.01014,0.01321,0.01523,0.02062,0.00313,0.0029,0.00545,0.00886,0.03342,0.04003,0.00214,0.0018,0.00093,0.00116,0.02022,0.0201,0.02972,0.01987,0.04095,0.04356,0.00029,0.00029,0.00185
33,0.00817,0.02532,0.00613,0.0208,0.00971,0.02547,0.00893,0.02373,0.00647,0.0165,0.03296,0.02104,0.01015,0.02981,0.01394,0.03881,0.01443,0.04894,0.01284,0.02968,0.00919,0.02067,0.00598,0.01587,0.01318,0.00483,0.04706,0.01545,0.02106,0.00679,0.01182,0.00449,0.01321,0.00196,0.01342,0.00974,0.01125,0.00702,0.01255,0.0149,0.02279,0.00686,0.01143,0.00527,0.0185,0.003,0.00394,0.00415,0.01263,0.01297,0.03537,0.00274,0.0096,0.00177,0.00509,0.0219,0.03249,0.01702,0.03315,0.00804,0.06442,5E-04,0.00073,0.00138
34,0.01346,0.0143,0.01682,0.00925,0.0185,0.01262,0.01682,0.00925,0.01598,0.01262,0.03196,0.02355,0.01934,0.01766,0.03616,0.03448,0.02607,0.02944,0.02355,0.02103,0.01514,0.01262,0.01009,0.00421,0.01934,0.0143,0.03953,0.02187,0.0185,0.01262,0.00336,0.00841,0.00505,0.00336,0.00252,0.00841,0.00589,0.01766,0.00925,0.02271,0.02019,0.01093,0.01262,0.01262,0.01682,0.00421,0,0.00505,0.00336,0.0328,0.03196,0.00757,0.00841,0.00084,0.00336,0.02607,0.02103,0.01766,0.03028,0.03112,0.04289,0.00168,0.00084,0
35,0.01627,0.01627,0.03041,0.00778,0.01839,0.00849,0.02263,0.00212,0.02829,0.01627,0.0488,0.01627,0.02829,0.0099,0.02334,0.01273,0.02475,0.00566,0.03324,0.00566,0.02051,0.00424,0.01909,0.00566,0.01202,0.02334,0.01061,0.02758,0.00212,0.00919,0.00283,0.00778,0.00212,0.00778,0.00778,0.01132,0.00071,0.02475,0.00283,0.03395,0.01768,0.01344,0.0099,0.01839,0.00849,0.00212,0.00354,0.01202,0.00354,0.06153,0.03253,0.00495,0.00354,0.00212,0.00071,0.0396,0.01202,0.04526,0.01414,0.05375,0.02758,0.00071,0.00071,0
36,0.02554,0.02297,0.04054,0.01277,0.01527,0.00546,0.01915,0.0054,0.02653,0.00803,0.04732,0.02527,0.02488,0.00737,0.02982,0.00882,0.02429,0.00856,0.02949,0.00566,0.01902,0.00441,0.01929,0.00671,0.01652,0.0183,0.0104,0.03403,0.00685,0.01652,0.00586,0.01283,0.00467,0.01047,0.00842,0.02198,0.00533,0.0156,0.00606,0.03001,0.01863,0.01869,0.00665,0.02732,0.01678,0.00717,0.00566,0.00816,0.00678,0.04061,0.03245,0.00105,0.00086,0.00046,0.00026,0.02021,0.01126,0.02732,0.01672,0.04259,0.02027,0.00158,0.00046,0.00165
37,0.02533,0.01357,0.03965,0.01238,0.01708,0.00519,0.02095,0.00751,0.02946,0.00957,0.05798,0.01845,0.02289,0.00751,0.02546,0.01095,0.01939,0.006,0.02152,0.00419,0.01657,0.00432,0.01339,0.00306,0.00944,0.02202,0.00588,0.0279,0.00701,0.01295,0.00525,0.01495,0.00231,0.0172,0.00663,0.01482,0.00613,0.0172,0.00425,0.03059,0.01232,0.01651,0.00963,0.03471,0.01495,0.00463,0.00106,0.0107,0.00432,0.05266,0.0344,0.00138,0.00031,0.00163,0.00025,0.03102,0.01288,0.04178,0.0152,0.04666,0.03302,0.00156,0.00013,0.00138
38,0.02616,0.01958,0.04169,0.01333,0.01232,0.00456,0.01637,0.00506,0.02886,0.00878,0.04321,0.01958,0.03021,0.00557,0.02498,0.00827,0.02177,0.0054,0.01637,0.00743,0.00878,0.00338,0.01907,0.00203,0.0103,0.02008,0.00641,0.02937,0.01181,0.00945,0.00388,0.01502,0.0027,0.01722,0.00861,0.01789,0.00591,0.00962,0.00523,0.02987,0.01873,0.01975,0.00641,0.03021,0.01958,0.0027,0.00219,0.00878,0.00759,0.04321,0.04489,0.00068,0,0.00152,0.00034,0.02937,0.01688,0.05148,0.0157,0.04152,0.04017,0.00118,0.00034,0.00068
39,0.02326,0.01902,0.03403,0.01477,0.01219,0.00578,0.01569,0.00585,0.02696,0.01157,0.04142,0.0224,0.02732,0.0088,0.02862,0.01237,0.0208,0.00726,0.01717,0.00862,0.01194,0.00572,0.01797,0.0048,0.01422,0.02222,0.00819,0.02769,0.01194,0.01231,0.00597,0.01342,0.00529,0.01219,0.00782,0.01976,0.00603,0.01243,0.008,0.03188,0.01859,0.01662,0.00677,0.0272,0.01803,0.00437,0.00277,0.00972,0.00523,0.04013,0.04056,0.00277,0.00185,0.00111,0.00074,0.02622,0.01822,0.03754,0.01969,0.04296,0.03213,0.00191,0.00043,8E-04
40,0.03046,0.01375,0.05246,0.02397,0.00641,0.00166,0.01855,0.00118,0.03022,0.0075,0.06647,0.01627,0.02649,0.0029,0.02512,0.00508,0.02037,0.00788,0.01829,0.00515,0.01241,0.00721,0.01876,0.00151,0.00959,0.01543,0.01043,0.0166,0.01038,0.01611,0.0051,0.00506,0.00293,0.00778,0.00914,0.01554,0.00713,0.01658,0.00165,0.04396,0.0123,0.02064,0.00145,0.03477,0.01767,0.00521,0.00289,0.01107,0.00231,0.08925,0.01861,7E-04,6E-04,0.00087,2E-04,0.0246,0.01188,0.03812,0.01139,0.0593,0.0192,0.00201,0.00079,0.00073
41,0.01503,0.03144,0.00399,0.00667,0.02008,0.0188,0.00625,0.02803,0.01234,0.02238,0.05523,0.03068,0.02095,0.01602,0.0141,0.02061,0.0126,0.02081,0.02243,0.01353,0.00821,0.00645,0.0125,0.0125,0.00858,0.01487,0.02494,0.02252,0.00998,0.01029,0.01593,0.01609,0.01235,0.00475,0.01594,0.00678,0.01358,0.0137,0.01417,0.02006,0.02603,0.00294,0.01887,0.01875,0.02369,0.00141,0.00461,0.00876,0.00769,0.01733,0.03892,0.00314,0.00519,0.00202,0.00262,0.01553,0.02613,0.03729,0.02002,0.02804,0.03166,0.00072,0.00044,0.00207
42,0.00595,0.02054,0.00149,0.00119,0.0122,0.02857,0.01726,0.03185,0.00417,0.0128,0.05119,0.0247,0.01667,0.02024,0.01577,0.04137,0.02143,0.03452,0.0122,0.01756,0.00833,0.01935,0.00655,0.0131,0.00804,0.01161,0.03869,0.00417,0.0125,0.00298,0.00714,0.00238,0.00476,0.00387,0.02202,0.00833,0.01875,0.00685,0.00744,0.0128,0.02619,0.00119,0.02054,0.00565,0.02024,3E-04,0.00417,0.00446,0.00833,0.00387,0.07232,0.01101,0.02054,0.00089,0.00536,0.00506,0.02946,0.01905,0.0378,0.00595,0.08452,6E-04,0.00119,0
43,0.00089,0.022,0.00268,0.00951,0.00595,0.04102,0.00743,0.03835,0.00505,0.03835,0.00832,0.01189,0.00654,0.03448,0.0107,0.03686,0.01576,0.03805,0.00535,0.03151,0.00268,0.011,0.00357,0.0217,0.00803,0.02348,0.02438,0.01576,0.01308,0.00238,0.01278,0.00268,0.01367,0.00386,0.00773,0.00386,0.01457,0.00268,0.01724,0.00268,0.02259,0.00327,0.00951,0.00268,0.01635,0.00505,0.00773,0.00505,0.01486,0.00803,0.0437,0.01784,0.01932,0.01278,0.02319,0.00773,0.01784,0.01576,0.03835,0.02675,0.10048,0.00089,0.00059,0.00119
44,0.00166,0.03728,0.00083,0.00663,0.00166,0.03065,0,0.02651,0.00166,0.03563,0.00166,0.01657,0.00414,0.06131,0.00249,0.02734,0.00746,0.05965,0.00829,0.0522,0.00166,0.0232,0.00166,0.03314,0.00994,0.0116,0.05468,0.00414,0.01988,0.00083,0.0116,0.00166,0.01823,0.00166,0.01491,0.00331,0.03148,0.00497,0.02154,0.00331,0.01988,0.00083,0.02403,0.00249,0.01906,0.0058,0.00083,0,0.01906,0.00166,0.00994,0.0058,0.01491,0.00746,0.01574,0.00083,0.00083,0.00829,0.08451,0.02486,0.07291,0.00083,0,0.00249
45,0.00508,0.03273,0.00339,0.00621,0.00564,0.06151,0.00169,0.02822,0.00339,0.04345,0.00226,0.01016,0.00734,0.05813,0.00451,0.0237,0.0079,0.04966,0.01185,0.05643,0.00226,0.01411,0.00282,0.02652,0.01298,0.01806,0.03612,0.01637,0.01919,0,0.01072,0.00056,0.02765,0.00847,0.0158,0.00169,0.02088,0.00169,0.03668,0.00339,0.02596,0.00734,0.01637,0.00451,0.01524,0.00677,0.00282,0.00169,0.00677,0.00734,0.00508,0.00451,0.01298,0.02201,0.02652,0.00226,0.00169,0.01749,0.04458,0.02257,0.04345,0,0.00113,0.00169
46,0.01958,0.02045,0.01012,0.01236,0.03301,0.01184,0.00597,0.0159,0.02728,0.0286,0.02821,0.02954,0.02366,0.01475,0.01891,0.01552,0.01923,0.00957,0.03265,0.00609,0.0135,0.00495,0.01105,0.00659,0.00869,0.02587,0.01247,0.02267,0.00944,0.01306,0.01162,0.01674,0.00502,0.01194,0.0087,0.01471,0.01306,0.02014,0.00621,0.02271,0.011,0.00888,0.01556,0.0286,0.01715,0.0077,0.00426,0.01263,0.00679,0.03623,0.02806,0.00789,0.00406,0.0034,0.0025,0.01208,0.01158,0.04483,0.01823,0.04686,0.02604,0.00149,7E-05,0.00174
47,0.03248,0.01594,0.02554,0.00631,0.0308,0.00518,0.00777,0.01045,0.02301,0.01078,0.07665,0.03029,0.02868,0.00702,0.01528,0.00628,0.00555,0.01386,0.03129,0.00524,0.00849,0.00264,0.01618,0.00745,0.00731,0.01872,0.02325,0.01796,0.00506,0.00786,0.00815,0.03484,0.00551,0.00519,0.0126,0.0041,0.00764,0.02551,0.00635,0.03029,0.02397,0.00247,0.01212,0.04158,0.02438,0.00163,0.00453,0.01081,0.00402,0.03857,0.03021,0.00248,0.00177,0.00025,0.00047,0.01622,0.02289,0.04604,0.01241,0.02696,0.02947,0.00194,0.00034,0.00097
48,0.03267,0.00919,0.03835,0.01128,0.02556,0.00687,0.00493,0.00394,0.04836,0.01653,0.02878,0.0256,0.03573,0.00447,0.02459,0.00495,0.01411,0.00348,0.03578,0.00451,0.01156,0.00297,0.01558,0.00374,0.00648,0.01653,0.00833,0.03518,0.00725,0.01255,0.00494,0.02347,0.00427,0.01025,0.00687,0.01688,0.00728,0.01936,0.00596,0.02019,0.01787,0.00941,0.00924,0.03647,0.01972,0.00823,0.00536,0.00631,0.00865,0.07862,0.00957,0.00162,0.00051,0.00272,0.0013,0.01785,0.00686,0.03937,0.01644,0.07403,0.00699,0.00298,0.00026,0.00027
49,0.00095,0.02952,0,0.00476,0.00762,0.05524,0.0019,0.00952,0.00762,0.03905,0.02286,0.03238,0.02857,0.04667,0.00571,0.00476,0.01524,0.03048,0.01238,0.01619,0.00286,0.01143,0.00762,0.03714,0.01048,0.03905,0.01905,0.0219,0.00381,0.00095,0.00381,0.00952,0.00476,0.00095,0.0181,0.00095,0.03905,0.00381,0.00857,0.00476,0.03333,0,0.03333,0,0.01429,0.00095,0.00095,0,0.01143,0.00286,0.05524,0.01619,0.01048,0,0,0.00857,0.0381,0.01048,0.04952,0.01429,0.0781,0,0,0.0019
50,0.02665,0.01612,0.01164,0.00862,0.03339,0.01404,0.00648,0.01969,0.0329,0.02081,0.02357,0.02319,0.02324,0.01246,0.02072,0.01167,0.02088,0.01435,0.02686,0.00594,0.01666,0.00663,0.00943,0.00652,0.01036,0.01454,0.0137,0.02907,0.01308,0.01469,0.01145,0.01507,0.00605,0.01193,0.01053,0.01723,0.01296,0.01804,0.00643,0.0223,0.0141,0.0082,0.01758,0.02846,0.01961,0.0064,0.00598,0.00997,0.00649,0.04731,0.0227,0.00458,0.0042,0.00346,0.00389,0.01418,0.01177,0.03167,0.02027,0.05367,0.02243,0.00183,0.00014,0.00123
51,0.00561,0.02362,0.00407,0.00691,0.01534,0.03493,0.02023,0.03005,0.0083,0.01082,0.03759,0.01971,0.02404,0.02353,0.01467,0.03118,0.02474,0.03669,0.01461,0.02126,0.01088,0.02087,0.00721,0.0119,0.01314,0.01559,0.03406,0.01233,0.02639,0.00676,0.01136,0.0058,0.00835,0.00574,0.02442,0.00823,0.01348,0.00987,0.01033,0.01094,0.02456,0.00226,0.01454,0.00385,0.01546,0.00183,0.00487,0.00427,0.01069,0.00854,0.03275,0.00252,0.00438,0.00141,0.00525,0.01141,0.05246,0.01412,0.02962,0.01118,0.06506,0.00077,0.00188,8E-04
52,0.00597,0.02648,0.00174,0.00484,0.00865,0.03836,0.00376,0.03046,0.00925,0.03088,0.00356,0.01872,0.01138,0.04957,0.00472,0.02046,0.0129,0.03926,0.0157,0.03586,0.00312,0.01168,0.00711,0.02386,0.01144,0.01378,0.03952,0.00963,0.01949,0.004,0.01064,0.00584,0.01831,0.00613,0.0144,0.00782,0.02322,0.01036,0.0275,0.00565,0.02145,0.0054,0.02575,0.00484,0.02094,0.00454,0.00304,0.0036,0.01642,0.00763,0.01233,0.00722,0.02025,0.00938,0.02003,0.00229,0.00185,0.01738,0.06555,0.03078,0.04982,0.00093,0.00084,0.00174
53,0.01638,0.02702,0.01672,0.01466,0.02135,0.02065,0.01848,0.01059,0.02113,0.01534,0.04816,0.02307,0.03906,0.01496,0.01359,0.01351,0.02018,0.0192,0.01674,0.0103,0.00919,0.00987,0.01684,0.00645,0.01178,0.01545,0.01086,0.03004,0.01603,0.00688,0.00711,0.00893,0.00521,0.00747,0.01392,0.01107,0.01087,0.00809,0.01181,0.01405,0.02419,0.00732,0.00932,0.01299,0.02033,0.00246,0.00303,0.00569,0.0093,0.02448,0.0533,0.00104,0.00116,0.00088,0.00063,0.01683,0.03655,0.02752,0.01849,0.03554,0.05263,0.00095,0.00065,0.00169
54,0.02634,0.01797,0.04105,0.01594,0.0152,0.007,0.01912,0.00551,0.03354,0.01106,0.04943,0.02068,0.02756,0.00724,0.0281,0.01223,0.02235,0.00721,0.0192,0.00707,0.01228,0.00548,0.01604,0.00414,0.01054,0.02184,0.0067,0.0258,0.0097,0.01508,0.0076,0.01551,0.00476,0.01662,0.00726,0.02008,0.00686,0.0138,0.00638,0.03117,0.01693,0.01555,0.00534,0.03274,0.01668,0.00422,0.00195,0.00822,0.00464,0.03957,0.03758,0.00173,0.00061,0.00129,0.00052,0.02524,0.01766,0.03419,0.01248,0.03841,0.02949,0.00176,0.00074,0.00104
55,0.03147,0.01372,0.04813,0.01008,0.0186,0.00556,0.01644,0.00383,0.04017,0.00911,0.04955,0.02048,0.02931,0.00553,0.02957,0.00834,0.02548,0.00517,0.02099,0.00391,0.01429,0.00422,0.01716,0.00344,0.01012,0.02367,0.0054,0.02626,0.00733,0.01911,0.00487,0.01696,0.00329,0.01665,0.00568,0.02198,0.00442,0.01703,0.00406,0.03596,0.01272,0.01557,0.0052,0.03478,0.01381,0.00469,0.00184,0.00958,0.00346,0.05163,0.02811,0.00145,0.00046,0.00092,0.00035,0.02625,0.01192,0.0367,0.0095,0.04697,0.02308,0.00201,0.00063,0.00107
56,0.02545,0.02178,0.01374,0.01178,0.02489,0.01237,0.01298,0.01159,0.02169,0.01448,0.05579,0.02702,0.02406,0.0104,0.02499,0.01185,0.01898,0.01301,0.02353,0.00785,0.01173,0.00402,0.01449,0.00728,0.00832,0.01686,0.01913,0.02237,0.01098,0.0171,0.01026,0.01857,0.00887,0.00773,0.01248,0.01427,0.00794,0.01697,0.00867,0.02554,0.02183,0.00838,0.01247,0.02602,0.02141,0.00224,0.00399,0.00849,0.00673,0.03396,0.03479,0.00316,0.00242,0.00225,0.00184,0.01678,0.02013,0.0369,0.01774,0.04021,0.02309,0.00151,0.00056,0.00129
57,0.01036,0.03368,0.00216,0.00389,0.02029,0.04016,0.00216,0.01857,0.00777,0.02461,0.03238,0.01857,0.02634,0.02634,0.00561,0.01641,0.0095,0.03282,0.00907,0.01382,0.0013,0.01468,0.00432,0.02116,0.02202,0.0082,0.03584,0.0177,0.01554,0.00259,0.00648,0.00475,0.00475,0.00259,0.01943,0.00604,0.01986,0.00432,0.01166,0.0095,0.04318,0.00086,0.01209,0.00216,0.02936,0.00216,0.00518,0.00216,0.01425,0.01468,0.06477,0.00216,0.01295,0.00086,0.00475,0.00993,0.03325,0.01641,0.04706,0.02979,0.06261,0.00043,0,0.00173
58,0.00656,0.0298,0.00179,0.00715,0.01371,0.03635,0.00298,0.04172,0.01311,0.03516,0.00596,0.02563,0.01013,0.05244,0.00358,0.02026,0.01669,0.04172,0.02265,0.0441,6E-04,0.00834,0.00358,0.0149,0.01549,0.0149,0.03576,0.00954,0.02682,0.00358,0.01192,0.00834,0.02443,0.00596,0.01728,0.00477,0.02801,0.01013,0.03695,0.00298,0.01847,0.00358,0.02741,0.00298,0.02205,0,0.00119,0.00179,0.00954,0.00536,0.00894,0.00656,0.01073,0.00358,0.01609,0.00238,0.00238,0.01013,0.05304,0.0292,0.04589,0.00119,0,0.00179
59,0.00092,0.02428,0.00046,0.00275,0.00779,0.03023,0.00458,0.0229,0.00962,0.04764,0.00321,0.02061,0.01374,0.04993,0.00275,0.01787,0.0142,0.03756,0.01603,0.02153,0.00275,0.00641,0.00366,0.01832,0.00733,0.02978,0.0481,0.00733,0.01878,0.00366,0.0142,0.00366,0.01603,0.01054,0.02016,0.01237,0.02794,0.00733,0.03161,0.00092,0.01924,0.0055,0.02474,0.00825,0.0394,0.00321,0,0.00183,0.00504,0.00321,0.01878,0.00412,0.01787,0.00412,0.00733,0.00046,0,0.03023,0.07604,0.0394,0.04902,0.00183,0.00046,0.00046
60,0.01585,0.02173,0.00998,0.01057,0.02819,0.01585,0.00528,0.01057,0.0229,0.03523,0.02173,0.03993,0.02936,0.01644,0.0276,0.00881,0.02408,0.0047,0.04932,0.0047,0.01644,0.00176,0.01703,0.00235,0.00763,0.03171,0.02055,0.03112,0.00176,0.00587,0.01116,0.01644,0.00294,0.01409,0.03288,0.0047,0.01057,0.02173,0.00352,0.00822,0.0094,0.00352,0.01996,0.01468,0.01468,0.00176,0.00294,0.00822,0.01057,0.02349,0.03053,0.01233,0.00705,0.00176,0.00176,0.02642,0.01174,0.03171,0.02584,0.04345,0.03053,0.00117,0,0.00117
61,0.02556,0.01982,0.03254,0.01859,0.01599,0.00779,0.01572,0.00793,0.03459,0.01504,0.038,0.0201,0.02474,0.00615,0.02215,0.01094,0.01859,0.0056,0.02269,0.00711,0.01189,0.00519,0.01476,0.00383,0.00971,0.01025,0.0093,0.01832,0.0123,0.01422,0.00369,0.01654,0.00424,0.01066,0.01217,0.01558,0.00437,0.02078,0.00875,0.03158,0.01668,0.02269,0.00971,0.03254,0.02174,0.0041,0.00451,0.01066,0.00424,0.05099,0.0324,0.00205,0.00328,0.0026,0.0015,0.02379,0.01244,0.03049,0.0149,0.05646,0.02925,0.00273,0.00055,0.00191
62,0.00126,0.02669,0.00063,0.0022,0.00126,0.05369,0,0.01444,0.00565,0.03987,0.00157,0.02072,0.00283,0.05777,0.00126,0.01507,0.00251,0.05118,0.00283,0.04144,0.00094,0.02104,0.00126,0.01758,0.0022,0.00879,0.0675,0.00283,0.00722,0.00157,0.01476,0.00157,0.02229,0.00031,0.01036,0.00126,0.03203,0,0.02575,0.00094,0.01852,0.00534,0.03642,0.00063,0.0292,0.0022,0.00188,0.00094,0.01444,0.00659,0.02857,0.00408,0.04207,0.00377,0.01036,0,0.00031,0.00345,0.09294,0.03328,0.07881,0.00157,0.00063,0.00094
63,0.00791,0.0296,0.0015,0.00286,0.01733,0.04461,0.00355,0.01774,0.01064,0.02156,0.03288,0.02019,0.02688,0.03574,0.00859,0.01173,0.01037,0.03342,0.0105,0.01542,0.00532,0.01282,0.01419,0.02224,0.01692,0.01228,0.02838,0.02265,0.01351,0.00259,0.00832,0.00628,0.00423,0.00286,0.02265,0.00846,0.02019,0.00709,0.01419,0.00587,0.03438,0.00136,0.01924,0.00396,0.03206,0.0015,0.00396,0.0015,0.01501,0.0131,0.05321,0.00218,0.00955,0.00041,0.00205,0.01187,0.03479,0.01542,0.04188,0.02456,0.06235,0.00014,0,0.0015
64,0.02562,0.01418,0.0096,0.00583,0.02796,0.02104,0.00349,0.02358,0.03235,0.03496,0.01782,0.02596,0.02048,0.01932,0.01341,0.0122,0.01354,0.01681,0.03137,0.00782,0.01166,0.00908,0.01101,0.01483,0.01053,0.01834,0.00999,0.02768,0.01705,0.01287,0.01216,0.02072,0.00566,0.00975,0.00571,0.01135,0.02429,0.01371,0.00827,0.02372,0.01063,0.0074,0.02442,0.02317,0.01284,0.0089,0.00482,0.0161,0.00593,0.03076,0.0195,0.00782,0.00321,0.00579,0.01601,0.01041,0.00852,0.04152,0.01594,0.03828,0.02923,0.00142,0.00031,0.00136
65,0.00128,0.02324,0.00072,0.00379,0.00312,0.03772,0.00056,0.02789,0.00379,0.03849,0.00067,0.01899,0.00599,0.05179,0.00235,0.02759,0.0063,0.05389,0.00947,0.0501,0.00123,0.015,0.00353,0.02477,0.01121,0.01121,0.04852,0.00645,0.02042,0.00087,0.01454,0.00225,0.02257,0.00363,0.01924,0.00343,0.03342,0.00461,0.02835,0.002,0.02001,0.00409,0.02902,0.00205,0.02544,0.00225,0.0023,0.0021,0.01648,0.00763,0.01326,0.00471,0.02815,0.00563,0.01279,0.00102,0.00082,0.01192,0.07928,0.02385,0.05932,0.00087,0.00067,0.00138
66,0.02594,0.01671,0.03597,0.01416,0.01671,0.00773,0.01904,0.00889,0.02933,0.01108,0.05027,0.02087,0.02583,0.00946,0.0283,0.01463,0.02167,0.00753,0.02133,0.00502,0.01585,0.00575,0.01438,0.00315,0.00985,0.0241,0.00698,0.02693,0.00889,0.01571,0.0078,0.01797,0.00429,0.01694,0.00703,0.01797,0.00744,0.01853,0.00478,0.02877,0.01735,0.01285,0.00983,0.02967,0.01836,0.00411,0.00169,0.0084,0.00442,0.03992,0.03446,0.00137,0.00039,0.00117,0.00036,0.02583,0.01644,0.03141,0.01701,0.03597,0.03186,0.00168,0.00064,0.00119
67,0.02675,0.00877,0.04405,0.00439,0.01902,0.00228,0.01282,0.00111,0.04489,0.00706,0.0506,0.02234,0.02522,0.00123,0.03213,0.00447,0.01729,0.00174,0.03252,0.00026,0.0115,0.00137,0.01842,0.00033,0.0055,0.02587,0.0014,0.03032,0.00167,0.01468,0.00379,0.02255,0.00036,0.01968,0.00131,0.02033,0.00399,0.04204,0.00076,0.03388,0.00924,0.02193,0.00385,0.05907,0.01561,0.01116,0.00056,0.01403,0.00286,0.07,0.01121,0.00584,0.00023,0.00143,0.00015,0.02005,0.00247,0.05341,0.00727,0.06144,0.0064,0.0022,0.00056,0.00033
68,0.01346,0.02181,0.0079,0.01756,0.01559,0.02544,0.01634,0.02246,0.01355,0.01689,0.02521,0.01864,0.01581,0.02303,0.01825,0.04321,0.0151,0.04152,0.01423,0.03059,0.00918,0.01841,0.0085,0.01518,0.01439,0.00704,0.03731,0.01033,0.02264,0.00834,0.00969,0.00502,0.01002,0.003,0.01232,0.00847,0.01308,0.00997,0.01326,0.01039,0.03174,0.00757,0.01363,0.00554,0.01797,0.0028,0.00585,0.00296,0.01257,0.01713,0.03618,0.00296,0.00928,0.00187,0.00701,0.01464,0.03069,0.01249,0.03152,0.01538,0.05331,0.00123,0.00145,0.00107
69,0.01281,0.03288,0.00459,0.00287,0.01682,0.04378,0.00554,0.01759,0.01338,0.02313,0.03135,0.02065,0.02848,0.02772,0.00478,0.01223,0.01185,0.02906,0.01032,0.01491,0.00574,0.01281,0.00688,0.01759,0.01778,0.0109,0.03632,0.02122,0.01185,0.00325,0.00746,0.00306,0.00421,0.00344,0.01931,0.00497,0.01778,0.00401,0.01013,0.00765,0.04072,0.00076,0.01721,0.00421,0.02715,0.00038,0.0021,0.00325,0.01415,0.01663,0.06213,0.00229,0.01396,0.00076,0.00249,0.01262,0.03001,0.01721,0.04206,0.02332,0.0736,0.00019,0.00019,0.00153
70,0.00632,0.02607,0.00086,0.00544,0.0106,0.04251,0.00324,0.02462,0.00797,0.03005,0.00387,0.01703,0.01221,0.05712,0.00437,0.01504,0.01227,0.04892,0.01419,0.0381,0.00231,0.0125,0.00458,0.02652,0.01056,0.01228,0.0451,0.00937,0.01696,0.00221,0.01001,0.00353,0.01992,0.00309,0.01379,0.00485,0.02474,0.00802,0.02592,0.00591,0.02041,0.00547,0.02043,0.00282,0.01927,0.00465,0.00308,0.00355,0.0161,0.00659,0.01233,0.00704,0.02084,0.00876,0.02377,0.00197,0.00123,0.01767,0.0695,0.03344,0.0547,7E-04,0.00106,0.00166
71,0.00812,0.02475,0.00189,0.00443,0.01604,0.03526,0.0034,0.03427,0.00866,0.03272,0.03156,0.03,0.01519,0.0258,0.00763,0.02987,0.01622,0.01749,0.02199,0.02696,0.00995,0.00918,0.00922,0.01614,0.01045,0.01185,0.02888,0.02046,0.01782,0.00917,0.01225,0.01004,0.01139,0.00354,0.02038,0.00548,0.01179,0.01567,0.01262,0.00958,0.02123,0.00156,0.01957,0.00929,0.01982,0.00317,0.01013,0.00853,0.00982,0.00908,0.03107,0.00366,0.00902,0.00267,0.00639,0.01963,0.03314,0.03805,0.01994,0.00862,0.06422,0.00047,0.00062,0.0022
72,0.01691,0.01507,0.00893,0.00771,0.02853,0.02167,0.00542,0.00932,0.0318,0.02187,0.00798,0.01775,0.0297,0.02444,0.00957,0.01434,0.02454,0.01288,0.03662,0.01918,0.00807,0.00462,0.02006,0.01076,0.01011,0.02462,0.01245,0.02322,0.01421,0.00964,0.00557,0.02202,0.01027,0.01226,0.00831,0.01695,0.01455,0.03045,0.01662,0.01825,0.00915,0.01687,0.01727,0.02237,0.01195,0.0054,0.0022,0.01308,0.00794,0.01362,0.00977,0.01471,0.00999,0.01743,0.0104,0.00381,0.00155,0.05169,0.02612,0.03634,0.03773,0.00125,0.00054,0.00156
73,0.00682,0.02945,0.00182,0.00275,0.01026,0.05478,0.00113,0.02365,0.00538,0.05041,0.00547,0.02371,0.00834,0.04763,0.00443,0.02312,0.00581,0.04134,0.0142,0.04005,0.0035,0.01784,0.00211,0.02633,0.01001,0.00862,0.03468,0.01142,0.03008,0.00257,0.01362,0.00268,0.01635,0.00299,0.0126,0.00233,0.02724,0.004,0.02169,0.00604,0.02417,0.00213,0.02122,0.00417,0.02297,0.00204,0.01096,0.00441,0.01522,0.01088,0.02259,0.0047,0.0161,0.00297,0.03307,0.0041,0.00898,0.01784,0.0393,0.02001,0.05149,0.00078,0.00057,0.0021
74,0.00602,0.03122,0.00489,0.0097,0.0133,0.04273,0.01701,0.02848,0.00554,0.01493,0.02482,0.01657,0.01729,0.03016,0.02206,0.03373,0.01771,0.02944,0.01135,0.03411,0.00701,0.01787,0.00497,0.01748,0.01238,0.01034,0.02905,0.01295,0.02697,0.00567,0.0155,0.00309,0.01456,0.00321,0.02105,0.00579,0.01171,0.00584,0.0177,0.00337,0.03506,0.00409,0.01406,0.00264,0.01981,0.00136,0.0062,0.00195,0.01227,0.01139,0.03876,0.00258,0.01006,0.00203,0.00562,0.0111,0.04076,0.00804,0.033,0.01646,0.06178,0.00092,0.00156,0.00096
75,0.00823,0.03173,0.0047,0.00411,0.01763,0.03643,0.00588,0.0235,0.01586,0.0188,0.03114,0.01351,0.02879,0.02938,0.00646,0.01586,0.00529,0.02291,0.00529,0.01763,0.00411,0.0094,0.00529,0.01939,0.01469,0.00823,0.03173,0.01704,0.01821,0.00176,0.00823,0.00705,0.00353,0.00529,0.01645,0.00353,0.01763,0.00646,0.0141,0.01116,0.04289,0.00059,0.00999,0.00646,0.02761,0.00118,0.00294,0.00353,0.01351,0.0188,0.07109,0.00353,0.0188,0.00059,0.00529,0.01645,0.03643,0.01704,0.03408,0.02996,0.07227,0,0,0.00059
76,0.0212,0.01423,0.01693,0.01422,0.02042,0.02178,0.01882,0.01342,0.01669,0.01418,0.03519,0.01822,0.02033,0.01988,0.02623,0.02976,0.01977,0.03029,0.01784,0.02315,0.01145,0.01403,0.01216,0.01228,0.01352,0.0096,0.03383,0.01288,0.01787,0.01363,0.00559,0.00589,0.00688,0.00563,0.00975,0.01106,0.00897,0.01569,0.01137,0.02113,0.02138,0.01032,0.01071,0.00961,0.0153,0.00551,0.00327,0.00623,0.00915,0.02806,0.0288,0.00596,0.00666,0.00205,0.00529,0.02721,0.02104,0.01794,0.0264,0.02332,0.04632,0.00146,0.00126,0.001
77,0.02494,0.01447,0.03576,0.01075,0.02095,0.00882,0.00365,0.00296,0.04238,0.01971,0.02212,0.02936,0.03687,0.00427,0.02756,0.00358,0.01888,0.00324,0.04383,0.00303,0.01433,0.00324,0.02005,0.00331,0.00792,0.02253,0.0082,0.03735,0.00634,0.01034,0.00441,0.02095,0.00262,0.00999,0.00737,0.01702,0.00896,0.02136,0.00531,0.01468,0.01943,0.01282,0.01054,0.02557,0.02067,0.01075,0.0071,0.00469,0.01075,0.07332,0.00951,0.00131,0.00028,0.002,9E-04,0.02164,0.00724,0.03528,0.02005,0.07311,0.00586,0.00296,0.00021,0.00062
78,0.01081,0.01953,0.0054,0.00914,0.03408,0.01621,0.00291,0.03491,0.01995,0.03907,0.0212,0.032,0.02452,0.01579,0.02535,0.01621,0.01663,0.03283,0.03034,0.00623,0.00748,0.00707,0.00665,0.00998,0.00333,0.02037,0.01372,0.02785,0.00873,0.00499,0.01372,0.01164,0.00249,0.01164,0.00748,0.01288,0.01787,0.01704,0.00333,0.01372,0.01164,0.0054,0.02702,0.01787,0.01372,0.00249,0.00125,0.01039,0.00374,0.04198,0.03283,0.00665,0.00665,0.00166,0.0054,0.00956,0.01288,0.03741,0.02286,0.06027,0.03076,0.00125,0,0.00125
79,0.01616,0.02539,0.01221,0.01346,0.02162,0.02019,0.0199,0.01839,0.02155,0.01916,0.0312,0.02573,0.02535,0.01508,0.01809,0.02839,0.01589,0.01942,0.01633,0.01006,0.01161,0.01421,0.01232,0.0053,0.01042,0.01815,0.0105,0.02843,0.01742,0.0116,0.01769,0.01279,0.00814,0.0093,0.01122,0.01306,0.01669,0.01064,0.00973,0.01657,0.02271,0.00872,0.01492,0.01472,0.02327,0.0031,0.00308,0.00651,0.00771,0.01718,0.04333,0.00142,0.00108,0.00115,0.00087,0.0179,0.0335,0.0241,0.02276,0.02355,0.04551,0.00117,0.00092,0.00142
80,0.01917,0.01647,0.03447,0.01321,0.0178,0.00912,0.02443,0.00567,0.03599,0.01343,0.05428,0.02093,0.03252,0.00607,0.02545,0.00763,0.02576,0.00486,0.02299,0.00454,0.0143,0.00628,0.01823,0.00468,0.01168,0.02093,0.00885,0.02749,0.00704,0.01082,0.00394,0.01333,0.00353,0.01463,0.01014,0.0148,0.00486,0.02398,0.00397,0.03848,0.01279,0.0117,0.00568,0.02792,0.01426,0.00421,0.00206,0.01264,0.0048,0.04763,0.02728,0.00567,0.0016,0.00276,0.00122,0.03117,0.01169,0.03681,0.00973,0.04346,0.02472,0.00186,0.00083,0.00075
81,0.03236,0.01017,0.03758,0.01302,0.02416,0.00771,0.00556,0.00351,0.04758,0.01763,0.0288,0.02562,0.03446,0.00473,0.0239,0.00515,0.01399,0.00347,0.03394,0.00475,0.01078,0.00309,0.01539,0.00378,0.00647,0.01688,0.00785,0.03383,0.00736,0.01224,0.00517,0.02313,0.00449,0.01067,0.00637,0.01693,0.00759,0.01912,0.00573,0.02109,0.01789,0.01016,0.00869,0.03657,0.01951,0.00817,0.0049,0.00741,0.00783,0.07812,0.01102,0.00172,0.00048,0.00299,0.00132,0.01864,0.00659,0.04015,0.01599,0.07469,0.00756,0.00292,3E-04,0.00032
82,0.03764,0.0057,0.04425,0.00838,0.02641,0.00359,0.00778,0.00219,0.0535,0.01013,0.03521,0.02394,0.03327,0.00358,0.02593,0.00394,0.01218,0.00386,0.03283,0.00351,0.01121,0.00349,0.01522,0.00352,0.00599,0.0163,0.00865,0.03045,0.01013,0.0134,0.00468,0.02438,0.00376,0.01289,0.00512,0.01829,0.00601,0.01798,0.0061,0.02459,0.01378,0.01158,0.00663,0.04307,0.01662,0.00891,0.00405,0.0093,0.00592,0.07943,0.01433,0.00241,0.00041,0.00303,0.00192,0.01557,0.00848,0.03743,0.01461,0.07096,0.00815,0.00274,4E-04,0.00029
83,0.00143,0.02292,0,0.00215,0.00143,0.04083,0.00143,0.01433,0.0043,0.04441,0,0.01361,0.00072,0.04656,0.00072,0.0086,0.00645,0.05158,0.00573,0.03367,0,0.01648,0.00072,0.02149,0.00072,0.01934,0.07235,0.00501,0.01218,0.00072,0.01218,0.00215,0.01361,0.00215,0.01218,0.00287,0.03367,0.00072,0.02722,0.00358,0.01504,0.00716,0.04155,0.00143,0.02221,0.0043,0.00143,0,0.01074,0.01146,0.02364,0.0043,0.0265,0.00573,0.01074,0,0,0.01648,0.08811,0.03797,0.10888,0.00143,0,0.00072
84,0.01675,0.02242,0.00561,0.00585,0.02718,0.02626,0.0019,0.025,0.01789,0.04862,0.00954,0.02836,0.01978,0.02867,0.00985,0.01633,0.01172,0.02626,0.02884,0.01813,0.00627,0.01004,0.00598,0.02189,0.00921,0.01578,0.0226,0.02503,0.01402,0.00725,0.01617,0.00841,0.01382,0.00629,0.00816,0.00663,0.0244,0.01011,0.01843,0.01903,0.01502,0.00384,0.0212,0.01672,0.01878,0.0065,0.00852,0.00924,0.00905,0.03582,0.01904,0.00873,0.00922,0.00352,0.01125,0.00944,0.00447,0.03127,0.02381,0.03701,0.02976,0.00165,0.00023,0.00143
85,0.01533,0.02012,0.00723,0.01929,0.01395,0.0304,0.01471,0.02152,0.01235,0.01274,0.02344,0.01729,0.01229,0.02406,0.01629,0.0538,0.01245,0.04892,0.01376,0.03282,0.00716,0.02181,0.00949,0.01331,0.01457,0.00411,0.04048,0.00904,0.0249,0.00892,0.00992,0.00399,0.00855,0.00252,0.01178,0.00876,0.01204,0.0089,0.01334,0.00902,0.03204,0.00709,0.01367,0.00472,0.01684,0.00305,0.00562,0.00243,0.01336,0.01332,0.03783,0.00262,0.01104,0.00169,0.00748,0.0148,0.03075,0.00734,0.03558,0.0127,0.05711,0.00115,0.00137,0.00102
86,0.00892,0.01811,0.00415,0.00698,0.01832,0.03245,0.0295,0.0209,0.01127,0.01327,0.03696,0.01883,0.02382,0.01868,0.02604,0.02414,0.03069,0.02442,0.0287,0.01645,0.0083,0.0144,0.01566,0.01208,0.01236,0.01769,0.03496,0.01012,0.01316,0.00466,0.00653,0.00634,0.00656,0.00772,0.02102,0.00811,0.01144,0.0143,0.00999,0.01274,0.02619,0.00468,0.01524,0.0066,0.01498,0.00359,0.00559,0.00647,0.01136,0.00848,0.03643,0.00956,0.01377,0.003,0.00851,0.01242,0.03057,0.01677,0.02495,0.01647,0.06007,0.00094,0.00205,0.00056
87,0.04168,0.01262,0.03824,0.01109,0.01453,0.00306,0.01224,0.00421,0.02294,0.0065,0.05621,0.02141,0.03098,0.00268,0.03403,0.00535,0.03862,0.00727,0.03059,0.00497,0.01836,0.00153,0.01721,0.00229,0.01109,0.02103,0.0065,0.03442,0.00727,0.01874,0.00497,0.013,0.00229,0.013,0.00535,0.02486,0.00268,0.01836,0.00459,0.03862,0.01071,0.01721,0.00612,0.02945,0.00956,0.00115,0.00076,0.01033,0.00115,0.0608,0.0195,0.00076,0,0.00115,0.00038,0.03021,0.00994,0.04359,0.00956,0.05201,0.01836,0.00191,0,0
88,0.03048,0.00605,0.04585,0.01601,0.01239,0.00332,0.00699,0.00223,0.04434,0.00735,0.05619,0.02586,0.02518,0.00256,0.02474,0.00827,0.01367,0.00939,0.02801,0.00274,0.00873,0.00448,0.01878,0.00256,0.00613,0.01503,0.00656,0.03464,0.01032,0.01075,0.00687,0.0166,0.00312,0.01139,0.00537,0.0122,0.00858,0.02368,0.00369,0.03399,0.00732,0.01268,0.00504,0.05753,0.01282,0.00976,0.0044,0.01189,0.00403,0.08346,0.01225,0.00054,0.00017,0.0023,0.00093,0.01878,0.00682,0.04423,0.01193,0.05965,0.01497,0.00279,0.00032,0.00028
89,0.03188,0.01076,0.04389,0.01372,0.01672,0.0017,0.00404,0.00574,0.05408,0.01175,0.02738,0.0224,0.03529,0.00414,0.02375,0.00475,0.02845,0.00406,0.02617,0.00131,0.01505,0.00144,0.01126,0.00408,0.00653,0.0263,0.00533,0.03048,0.00377,0.01847,0.0066,0.01834,0.00043,0.01479,0.00582,0.02542,0.00669,0.02018,7E-04,0.02988,0.00992,0.01428,0.00901,0.05127,0.01608,0.00979,0.00314,0.01182,0.00392,0.07019,0.00948,0.00453,0.00071,0.00073,0.00028,0.01828,0.00516,0.04987,0.01485,0.06178,0.00815,0.00209,0.00063,5E-04
90,0.03212,0.01018,0.03619,0.01279,0.02458,0.00802,0.00562,0.00379,0.04758,0.01792,0.02868,0.02553,0.03513,0.00484,0.02382,0.00507,0.01432,0.0036,0.03449,0.00485,0.01083,0.00301,0.01537,0.00414,0.00673,0.01706,0.00768,0.03462,0.00749,0.01233,0.0053,0.02316,0.00461,0.01081,0.00655,0.01715,0.00759,0.01942,0.00603,0.02067,0.01799,0.00969,0.0091,0.03623,0.01952,0.00819,0.00477,0.00688,0.00795,0.07599,0.01093,0.00175,0.00048,0.00276,0.00139,0.01795,0.00686,0.04027,0.0157,0.07488,0.00754,0.00291,0.00028,0.00031
91,0.02403,0.02028,0.03487,0.01605,0.01683,0.00938,0.01906,0.0134,0.02839,0.01469,0.04601,0.02083,0.01893,0.00891,0.02435,0.01165,0.02039,0.0065,0.02179,0.00766,0.01272,0.00589,0.01203,0.00483,0.01006,0.01215,0.00771,0.01882,0.0101,0.01431,0.00489,0.01184,0.00544,0.01484,0.01023,0.01931,0.00445,0.01649,0.00766,0.03275,0.02088,0.0174,0.01419,0.03155,0.0221,0.00383,0.00218,0.00771,0.0043,0.04821,0.038,0.00326,0.00155,0.00163,0.00102,0.02278,0.01649,0.0246,0.01812,0.0441,0.03032,0.0025,0.00072,0.00207
92,0.01155,0.02773,0.01063,0.01109,0.00786,0.0134,0.01895,0.01109,0.01848,0.01617,0.03327,0.02773,0.02218,0.01433,0.01941,0.02495,0.02357,0.03004,0.02311,0.0097,0.01571,0.02126,0.0171,0.00647,0.01248,0.0268,0.01756,0.03281,0.01201,0.01155,0.01155,0.0134,0.00693,0.00647,0.01063,0.01987,0.01848,0.01525,0.01248,0.01433,0.02911,0.00924,0.02495,0.01571,0.0305,0.00231,0.00092,0.00601,0.00647,0.0097,0.0439,0,0.00046,0.00092,0,0.01294,0.02449,0.01987,0.02403,0.01802,0.03928,0.00139,0.00046,0.00092
93,0.01965,0.01939,0.00347,0.00367,0.0255,0.03316,0.00131,0.02463,0.01743,0.04725,0.00698,0.024,0.01443,0.02521,0.01149,0.02391,0.00913,0.03343,0.03073,0.02103,0.00597,0.01611,0.00427,0.02292,0.00976,0.01365,0.02632,0.01488,0.02467,0.00568,0.01699,0.00764,0.01206,0.00503,0.01196,0.00666,0.02952,0.01087,0.01447,0.01157,0.01839,0.00342,0.02578,0.01253,0.0207,0.00359,0.00997,0.00833,0.01157,0.02282,0.02445,0.00556,0.01161,0.00231,0.02604,0.00312,0.00658,0.02911,0.02355,0.02685,0.03355,0.0015,0.00036,0.0015
94,0.00294,0.03923,0.00049,0.00147,0.00883,0.05248,0.00343,0.0206,0.00785,0.01864,0.02943,0.02305,0.02256,0.03139,0.00294,0.01373,0.00441,0.03531,0.01128,0.02109,0.00294,0.01717,0.00834,0.02501,0.02894,0.00883,0.04218,0.02648,0.00932,0,0.00638,0.00441,0.00834,0.00196,0.02894,0.00343,0.02894,0.0049,0.01667,0.0049,0.05199,0.00147,0.0255,0.00343,0.04806,0,0.00196,0.00245,0.01324,0.00932,0.05101,0.00049,0.00736,0.00049,0.00245,0.00392,0.01422,0.01177,0.05787,0.01226,0.05002,0,0,0.00147
95,0.01796,0.01504,0.00124,0.00404,0.0115,0.02405,0.00553,0.03772,0.0064,0.0161,0.03437,0.02498,0.0046,0.0225,0.01293,0.03288,0.00416,0.03685,0.02548,0.02983,0.00454,0.02057,0.00597,0.01802,0.00597,0.00516,0.04997,0.00963,0.02977,0.0051,0.01902,0.00864,0.02026,0.00236,0.01479,0.00423,0.01516,0.01137,0.01628,0.01237,0.02243,0.00305,0.01933,0.00485,0.01964,0.00162,0.0082,0.00634,0.01585,0.01162,0.0389,0.00124,0.01802,0.00106,0.01423,0.00628,0.03232,0.02045,0.0422,0.01231,0.05021,0.00025,0.00112,0.00118
96,0.01963,0.03764,0.02287,0.01729,0.01927,0.01171,0.01729,0.01117,0.02251,0.01044,0.04178,0.03602,0.02683,0.00954,0.03007,0.01315,0.03007,0.01099,0.02647,0.00972,0.01783,0.00612,0.01711,0.00738,0.02053,0.02395,0.009,0.03872,0.00702,0.01837,0.01225,0.01693,0.00666,0.00738,0.01153,0.02161,0.00936,0.01567,0.00648,0.02161,0.02539,0.01315,0.01062,0.01369,0.02305,0.00396,0.00342,0.00756,0.00648,0.02143,0.03079,9E-04,0.00054,0.00036,0,0.01657,0.01567,0.01783,0.01945,0.02377,0.02269,0.0018,0.00036,0.00054
97,0.00617,0.02838,0.00165,0.00123,0.01028,0.04525,0.00165,0.01111,0.00782,0.02797,0.03949,0.03044,0.0255,0.03538,0.00658,0.01687,0.01357,0.04196,0.01357,0.01933,0.00329,0.01563,0.00987,0.02756,0.01316,0.01316,0.04155,0.02386,0.01316,0.00123,0.00782,0.00082,0.00576,0.00165,0.01357,0.00699,0.02509,0.00576,0.01481,0.0037,0.03003,0.00082,0.02221,0.00123,0.02674,0.00247,0.00823,0.00206,0.0144,0.00864,0.06047,0.00041,0.01275,0.00082,0.00206,0.0074,0.03003,0.00823,0.03497,0.01892,0.07116,0,0,0.00329
98,0.00397,0.02619,0.00159,0.00159,0.00635,0.03333,0.00317,0.0246,0.00714,0.02222,0.00556,0.02222,0.00794,0.05079,0.00556,0.01746,0.0119,0.05079,0.01032,0.04365,0.00159,0.01587,0.00317,0.01587,0.0127,0.01429,0.04603,0.0119,0.03016,0.00079,0.00952,0.00397,0.01825,0.00476,0.01825,0.00635,0.02222,0.01032,0.02143,0.00397,0.02381,0.00635,0.0254,0.00794,0.03968,0.00556,0.00397,0.00159,0.02063,0.0119,0.0119,0.00635,0.01587,0.00873,0.01984,0.00317,0.00079,0.0119,0.06984,0.03095,0.04286,0.00079,0.00159,0.00079
99,0.00909,0.04019,0.00144,0.00239,0.01531,0.05981,0.00718,0.01435,0.01053,0.02727,0.0378,0.02249,0.02679,0.03684,0.00478,0.01435,0.01005,0.03254,0.01053,0.01196,0.0067,0.01531,0.01053,0.02967,0.01818,0.01627,0.03301,0.01914,0.00335,0.00191,0.011,0.00718,0.00431,0.00287,0.01914,0.00909,0.02632,0.00861,0.0134,0.00383,0.0445,0.00287,0.02344,0.00239,0.03062,0.00096,0.00431,0.00144,0.01914,0.00909,0.05407,0.00191,0.00574,0,0.00144,0.00622,0.02632,0.00861,0.04115,0.01866,0.03923,0,0.00048,0.00191
100,0.0146,0.02448,0.00301,0.00258,0.01632,0.04768,0.00387,0.02405,0.01117,0.0232,0.03393,0.01589,0.02749,0.02405,0.00644,0.01804,0.00473,0.02878,0.0116,0.01976,0.00515,0.01632,0.00816,0.01375,0.01074,0.00816,0.02534,0.0146,0.02277,0.00172,0.0073,0.00558,0.00515,0.00344,0.01332,0.00558,0.02019,0.00473,0.01503,0.00945,0.04038,0.00172,0.01589,0.00344,0.02921,0.00086,0.00301,0.00215,0.01503,0.02234,0.05326,0.00086,0.01418,0,0.00473,0.01375,0.04296,0.01976,0.03995,0.0305,0.06658,0.00043,0,0.00086
101,0.00781,0.02282,0.0021,0.00832,0.01504,0.03466,0.01717,0.02161,0.00778,0.00927,0.0426,0.02892,0.0291,0.02045,0.01359,0.03558,0.02481,0.03339,0.01468,0.01587,0.00968,0.01486,0.00778,0.01279,0.00713,0.0243,0.03271,0.01228,0.01794,0.0079,0.0106,0.00234,0.00503,0.00497,0.02877,0.00885,0.02158,0.01045,0.01474,0.00675,0.02116,0.00263,0.02229,0.00296,0.02282,3E-04,0.00275,0.00453,0.01314,0.0087,0.04496,0.00311,0.00089,0.00059,0.00237,0.00832,0.04866,0.01507,0.03055,0.01255,0.06175,0.00071,0.0021,6E-05
102,0.00244,0.02887,0.00111,0.00696,0.00458,0.04068,0.00162,0.03042,0.00353,0.03304,0.00107,0.01727,0.00758,0.0483,0.00265,0.03404,0.0066,0.05225,0.00946,0.05532,0.00164,0.01691,0.00462,0.02342,0.01103,0.00835,0.04599,0.0059,0.02193,0.00176,0.01179,0.00305,0.01831,0.0035,0.01543,0.00375,0.02973,0.00499,0.02932,0.00315,0.02271,0.00487,0.02286,0.00218,0.02009,0.00336,0.00416,0.00252,0.01985,0.00639,0.01149,0.00519,0.03085,0.00609,0.02057,0.0012,0.00139,0.01201,0.07657,0.01877,0.051,0.00083,0.00099,0.00174
103,0.01312,0.02992,0.00417,0.00573,0.02091,0.04428,0.00629,0.02266,0.01336,0.02395,0.03202,0.02272,0.02898,0.02845,0.00847,0.01712,0.01307,0.03032,0.01388,0.01697,0.00615,0.01295,0.00953,0.01512,0.0129,0.01283,0.02552,0.02162,0.01583,0.00482,0.00919,0.00738,0.00628,0.00447,0.01799,0.0086,0.01646,0.00765,0.0133,0.00871,0.0294,0.00261,0.01556,0.00554,0.02652,0.00168,0.0036,0.00302,0.01287,0.01823,0.05021,0.00205,0.00797,0.00108,0.00321,0.01254,0.03127,0.01542,0.03202,0.02708,0.06088,0.00067,0.00049,0.00242
104,0.00981,0.03255,0.00242,0.00512,0.01833,0.04335,0.00384,0.01606,0.01151,0.02715,0.02715,0.02132,0.0297,0.03624,0.00625,0.01137,0.01279,0.03624,0.01194,0.01293,0.00497,0.01407,0.00924,0.0189,0.01421,0.01393,0.03113,0.02189,0.01251,0.00298,0.00554,0.00469,0.00483,0.00298,0.01947,0.00583,0.01777,0.00554,0.01222,0.00796,0.03425,0.00142,0.01592,0.00384,0.02914,0.00313,0.00426,0.00327,0.01478,0.01151,0.06211,0.00199,0.01052,0.00099,0.00298,0.01308,0.02999,0.01407,0.03795,0.02331,0.07263,0.00028,0,0.00185
105,0.03122,0.01052,0.03878,0.00953,0.01939,0.00164,0.01347,0.00394,0.03779,0.00657,0.05159,0.01413,0.03418,0.0046,0.03713,0.0069,0.02267,0.00427,0.01972,0.00592,0.0161,0.00263,0.01709,0.00296,0.00986,0.02169,0.00394,0.02103,0.00592,0.01577,0.00493,0.0115,0.00296,0.01019,0.00526,0.01906,0.00329,0.0184,0.00296,0.04404,0.0092,0.01413,0.00164,0.03023,0.01249,0.00526,0.00033,0.00592,0.00164,0.07033,0.03812,0.00099,0.00066,0.00099,0,0.03188,0.01052,0.05324,0.01183,0.05587,0.02925,0.00131,0,0.00066
106,0.02386,0.02198,0.02147,0.01176,0.02559,0.01751,0.01816,0.0086,0.02595,0.01707,0.04454,0.02291,0.03547,0.01129,0.01752,0.01204,0.02154,0.01632,0.01843,0.00724,0.01214,0.01019,0.01751,0.0051,0.0117,0.01514,0.00715,0.03159,0.01568,0.01013,0.00967,0.01154,0.00456,0.01032,0.01205,0.01359,0.0107,0.01056,0.01013,0.01968,0.01859,0.00794,0.00835,0.01845,0.01678,0.00312,0.00318,0.00801,0.00684,0.03119,0.04599,0.00121,0.00107,0.00099,0.00092,0.02015,0.03006,0.03088,0.01161,0.04079,0.0419,0.00123,0.00076,0.00162
107,0.00902,0.02706,0.00515,0.01224,0.01675,0.02126,0.00838,0.02255,0.01546,0.01546,0.05026,0.01482,0.03222,0.01804,0.01095,0.00838,0.00966,0.02964,0.01804,0.00838,0.00644,0.01933,0.01224,0.01095,0.01418,0.00387,0.0116,0.01418,0.03157,0.00451,0.00322,0.00515,0.00387,0.00129,0.0116,0.00258,0.01095,0.00709,0.0116,0.01546,0.0451,0.00451,0.01095,0.00258,0.01546,0.00129,0.00387,0.00451,0.01224,0.02513,0.08119,0.00129,0,0.00064,0.00193,0.01031,0.05541,0.03093,0.0232,0.02899,0.08376,0.00129,0,0
108,0.0259,0.01662,0.02004,0.01026,0.02639,0.01075,0.00538,0.01271,0.02981,0.00831,0.05034,0.02933,0.02346,0.0044,0.02395,0.00391,0.01075,0.00978,0.0259,0.00635,0.01075,0.00587,0.01466,0.00538,0.00293,0.01222,0.01564,0.02786,0.01515,0.01417,0.01857,0.02053,0.00587,0.01173,0.01369,0.0132,0.0088,0.02981,0.00587,0.04203,0.0132,0.00342,0.01173,0.0567,0.01564,0.00244,0.00244,0.01124,0.00489,0.05279,0.02102,0.00538,0.00147,0.00098,0.00049,0.01222,0.01564,0.04448,0.01515,0.03959,0.0176,0.00049,0.00049,0.00147
109,0.01615,0.0338,0.0106,0.01514,0.01564,0.02472,0.00757,0.01816,0.01715,0.01715,0.01615,0.02371,0.01917,0.01615,0.00757,0.03734,0.00757,0.01312,0.00505,0.00807,0.00959,0.02069,0.00706,0.00858,0.01968,0.01715,0.00656,0.02977,0.0217,0.00706,0.01665,0.00959,0.00656,0.00555,0.0106,0.0106,0.01867,0.00404,0.00908,0.01715,0.02926,0.0116,0.01615,0.01211,0.03734,0.00252,0.00303,0.00555,0.01816,0.01615,0.03986,0.00252,0.00101,0.00151,0.00202,0.01715,0.0444,0.02422,0.04339,0.02523,0.05903,0.00101,0,5E-04
110,0.008,0.01883,0.00094,0.00377,0.02307,0.0452,0.00471,0.00847,0.01742,0.03814,0.02637,0.03013,0.03625,0.0452,0.00753,0.00989,0.01883,0.05461,0.01318,0.00895,0.0033,0.00895,0.00989,0.01695,0.00706,0.02024,0.03296,0.01648,0.0033,0.00235,0.00565,0.00235,0.00235,0.00141,0.01883,0.00753,0.02872,0.00377,0.00518,0.00424,0.02542,0.00188,0.02401,0.00094,0.01883,0,0.00188,0.00047,0.01036,0.00518,0.07298,0.00094,0.008,0,0.0033,0.00424,0.03296,0.01271,0.04567,0.01883,0.0871,0,0.00094,0.00235
111,0.0015,0.01279,0.0015,0.0015,0.01354,0.05869,0.0015,0.00677,0.01129,0.0459,0.0316,0.03236,0.02408,0.0617,0.00451,0.00376,0.02182,0.06622,0.01505,0.00828,0.00602,0.00677,0.00527,0.01956,0,0.02107,0.03236,0.01881,0.00752,0,0,0.00075,0.00075,0.00226,0.01806,0.00451,0.03085,0.00376,0.00677,0.00075,0.01279,0,0.02859,0.00301,0.02107,0,0.00527,0,0.0143,0.00752,0.08277,0,0.00602,0.00075,0.00226,0.00602,0.0316,0.01129,0.05643,0.00978,0.08804,0.00075,0,0.0015
112,0.02185,0.01894,0.03946,0.0147,0.01611,0.00889,0.01761,0.01304,0.02882,0.01346,0.04211,0.02085,0.01836,0.00789,0.02808,0.01072,0.02002,0.00723,0.01944,0.00656,0.01287,0.00557,0.0098,0.00523,0.0098,0.01312,0.00681,0.01952,0.01155,0.01404,0.00656,0.01063,0.00507,0.01628,0.00972,0.02068,0.00515,0.01437,0.00698,0.02932,0.02168,0.01819,0.01454,0.02982,0.02102,0.00341,0.00233,0.00623,0.00557,0.04186,0.04701,0.00233,0.00183,0.00133,0.00025,0.02317,0.02093,0.027,0.01778,0.04477,0.03746,0.00216,0.00058,0.00158
113,0.03932,0.01801,0.01981,0.01831,0.02341,0.01291,0.0111,0.0063,0.03001,0.01321,0.03151,0.02101,0.03541,0.0096,0.01741,0.0108,0.02341,0.0093,0.02641,0.0063,0.01261,0.0084,0.02671,0.0057,0.02461,0.01501,0.0087,0.03661,0.0123,0.0072,0.0051,0.0111,0.0033,0.01291,0.01261,0.01831,0.0102,0.02281,0.0075,0.03301,0.02461,0.01711,0.0066,0.03151,0.02461,0.0012,3E-04,0.006,0.009,0.02791,0.02821,0.0015,0.003,3E-04,0.0015,0.02071,0.0072,0.03481,0.01741,0.03331,0.02311,0,3E-04,0.0015
114,0.01461,0.04174,0.00745,0.02236,0.0167,0.03041,0.01819,0.02385,0.01461,0.02624,0.02892,0.02743,0.01461,0.02087,0.01521,0.04741,0.01193,0.0483,0.01342,0.02862,0.01044,0.01968,0.00894,0.02117,0.02564,0.00924,0.04383,0.01014,0.01908,0.00537,0.00805,0.00566,0.01431,0.00328,0.01133,0.00626,0.01878,0.00805,0.0161,0.01073,0.03816,0.00656,0.01521,0.00566,0.01819,0.00268,0.00417,0.00328,0.01729,0.00984,0.02326,0.00179,0.00507,6E-04,0.00358,0.00924,0.02117,0.00894,0.02087,0.00745,0.02415,0.00119,0.00149,0.00119